﻿{"frames": {

"Symbol 40 instance 10000":
{
	"frame": {"x":0,"y":0,"w":117,"h":72},
	"rotated": false,
	"trimmed": false,
	"spriteSourceSize": {"x":0,"y":0,"w":117,"h":72},
	"sourceSize": {"w":117,"h":72}
},
"Symbol 40 instance 10001":
{
	"frame": {"x":117,"y":0,"w":117,"h":72},
	"rotated": false,
	"trimmed": false,
	"spriteSourceSize": {"x":0,"y":0,"w":117,"h":72},
	"sourceSize": {"w":117,"h":72}
},
"Symbol 40 instance 10002":
{
	"frame": {"x":234,"y":0,"w":117,"h":72},
	"rotated": false,
	"trimmed": false,
	"spriteSourceSize": {"x":0,"y":0,"w":117,"h":72},
	"sourceSize": {"w":117,"h":72}
},
"Symbol 40 instance 10003":
{
	"frame": {"x":351,"y":0,"w":117,"h":72},
	"rotated": false,
	"trimmed": false,
	"spriteSourceSize": {"x":0,"y":0,"w":117,"h":72},
	"sourceSize": {"w":117,"h":72}
},
"Symbol 40 instance 10004":
{
	"frame": {"x":468,"y":0,"w":117,"h":72},
	"rotated": false,
	"trimmed": false,
	"spriteSourceSize": {"x":0,"y":0,"w":117,"h":72},
	"sourceSize": {"w":117,"h":72}
},
"Symbol 40 instance 10005":
{
	"frame": {"x":585,"y":0,"w":117,"h":72},
	"rotated": false,
	"trimmed": false,
	"spriteSourceSize": {"x":0,"y":0,"w":117,"h":72},
	"sourceSize": {"w":117,"h":72}
},
"Symbol 40 instance 10006":
{
	"frame": {"x":702,"y":0,"w":117,"h":72},
	"rotated": false,
	"trimmed": false,
	"spriteSourceSize": {"x":0,"y":0,"w":117,"h":72},
	"sourceSize": {"w":117,"h":72}
},
"Symbol 40 instance 10007":
{
	"frame": {"x":819,"y":0,"w":117,"h":72},
	"rotated": false,
	"trimmed": false,
	"spriteSourceSize": {"x":0,"y":0,"w":117,"h":72},
	"sourceSize": {"w":117,"h":72}
},
"Symbol 40 instance 10008":
{
	"frame": {"x":936,"y":0,"w":117,"h":72},
	"rotated": false,
	"trimmed": false,
	"spriteSourceSize": {"x":0,"y":0,"w":117,"h":72},
	"sourceSize": {"w":117,"h":72}
},
"Symbol 40 instance 10009":
{
	"frame": {"x":1053,"y":0,"w":117,"h":72},
	"rotated": false,
	"trimmed": false,
	"spriteSourceSize": {"x":0,"y":0,"w":117,"h":72},
	"sourceSize": {"w":117,"h":72}
},
"Symbol 40 instance 10010":
{
	"frame": {"x":1170,"y":0,"w":117,"h":72},
	"rotated": false,
	"trimmed": false,
	"spriteSourceSize": {"x":0,"y":0,"w":117,"h":72},
	"sourceSize": {"w":117,"h":72}
},
"Symbol 40 instance 10011":
{
	"frame": {"x":1287,"y":0,"w":117,"h":72},
	"rotated": false,
	"trimmed": false,
	"spriteSourceSize": {"x":0,"y":0,"w":117,"h":72},
	"sourceSize": {"w":117,"h":72}
},
"Symbol 40 instance 10012":
{
	"frame": {"x":1404,"y":0,"w":117,"h":72},
	"rotated": false,
	"trimmed": false,
	"spriteSourceSize": {"x":0,"y":0,"w":117,"h":72},
	"sourceSize": {"w":117,"h":72}
},
"Symbol 40 instance 10013":
{
	"frame": {"x":1521,"y":0,"w":117,"h":72},
	"rotated": false,
	"trimmed": false,
	"spriteSourceSize": {"x":0,"y":0,"w":117,"h":72},
	"sourceSize": {"w":117,"h":72}
},
"Symbol 40 instance 10014":
{
	"frame": {"x":0,"y":72,"w":117,"h":72},
	"rotated": false,
	"trimmed": false,
	"spriteSourceSize": {"x":0,"y":0,"w":117,"h":72},
	"sourceSize": {"w":117,"h":72}
},
"Symbol 40 instance 10015":
{
	"frame": {"x":117,"y":72,"w":117,"h":72},
	"rotated": false,
	"trimmed": false,
	"spriteSourceSize": {"x":0,"y":0,"w":117,"h":72},
	"sourceSize": {"w":117,"h":72}
},
"Symbol 40 instance 10016":
{
	"frame": {"x":234,"y":72,"w":117,"h":72},
	"rotated": false,
	"trimmed": false,
	"spriteSourceSize": {"x":0,"y":0,"w":117,"h":72},
	"sourceSize": {"w":117,"h":72}
},
"Symbol 40 instance 10017":
{
	"frame": {"x":351,"y":72,"w":117,"h":72},
	"rotated": false,
	"trimmed": false,
	"spriteSourceSize": {"x":0,"y":0,"w":117,"h":72},
	"sourceSize": {"w":117,"h":72}
},
"Symbol 40 instance 10018":
{
	"frame": {"x":468,"y":72,"w":117,"h":72},
	"rotated": false,
	"trimmed": false,
	"spriteSourceSize": {"x":0,"y":0,"w":117,"h":72},
	"sourceSize": {"w":117,"h":72}
},
"Symbol 40 instance 10019":
{
	"frame": {"x":585,"y":72,"w":117,"h":72},
	"rotated": false,
	"trimmed": false,
	"spriteSourceSize": {"x":0,"y":0,"w":117,"h":72},
	"sourceSize": {"w":117,"h":72}
},
"Symbol 40 instance 10020":
{
	"frame": {"x":702,"y":72,"w":117,"h":72},
	"rotated": false,
	"trimmed": false,
	"spriteSourceSize": {"x":0,"y":0,"w":117,"h":72},
	"sourceSize": {"w":117,"h":72}
},
"Symbol 40 instance 10021":
{
	"frame": {"x":819,"y":72,"w":117,"h":72},
	"rotated": false,
	"trimmed": false,
	"spriteSourceSize": {"x":0,"y":0,"w":117,"h":72},
	"sourceSize": {"w":117,"h":72}
},
"Symbol 40 instance 10022":
{
	"frame": {"x":936,"y":72,"w":117,"h":72},
	"rotated": false,
	"trimmed": false,
	"spriteSourceSize": {"x":0,"y":0,"w":117,"h":72},
	"sourceSize": {"w":117,"h":72}
},
"Symbol 40 instance 10023":
{
	"frame": {"x":1053,"y":72,"w":117,"h":72},
	"rotated": false,
	"trimmed": false,
	"spriteSourceSize": {"x":0,"y":0,"w":117,"h":72},
	"sourceSize": {"w":117,"h":72}
},
"Symbol 40 instance 10024":
{
	"frame": {"x":1170,"y":72,"w":117,"h":72},
	"rotated": false,
	"trimmed": false,
	"spriteSourceSize": {"x":0,"y":0,"w":117,"h":72},
	"sourceSize": {"w":117,"h":72}
},
"Symbol 40 instance 10025":
{
	"frame": {"x":1287,"y":72,"w":117,"h":72},
	"rotated": false,
	"trimmed": false,
	"spriteSourceSize": {"x":0,"y":0,"w":117,"h":72},
	"sourceSize": {"w":117,"h":72}
},
"Symbol 40 instance 10026":
{
	"frame": {"x":1404,"y":72,"w":117,"h":72},
	"rotated": false,
	"trimmed": false,
	"spriteSourceSize": {"x":0,"y":0,"w":117,"h":72},
	"sourceSize": {"w":117,"h":72}
},
"Symbol 40 instance 10027":
{
	"frame": {"x":1521,"y":72,"w":117,"h":72},
	"rotated": false,
	"trimmed": false,
	"spriteSourceSize": {"x":0,"y":0,"w":117,"h":72},
	"sourceSize": {"w":117,"h":72}
},
"Symbol 40 instance 10028":
{
	"frame": {"x":0,"y":144,"w":117,"h":72},
	"rotated": false,
	"trimmed": false,
	"spriteSourceSize": {"x":0,"y":0,"w":117,"h":72},
	"sourceSize": {"w":117,"h":72}
},
"Symbol 40 instance 10029":
{
	"frame": {"x":117,"y":144,"w":117,"h":72},
	"rotated": false,
	"trimmed": false,
	"spriteSourceSize": {"x":0,"y":0,"w":117,"h":72},
	"sourceSize": {"w":117,"h":72}
},
"Symbol 40 instance 10030":
{
	"frame": {"x":234,"y":144,"w":117,"h":72},
	"rotated": false,
	"trimmed": false,
	"spriteSourceSize": {"x":0,"y":0,"w":117,"h":72},
	"sourceSize": {"w":117,"h":72}
},
"Symbol 40 instance 10031":
{
	"frame": {"x":351,"y":144,"w":117,"h":72},
	"rotated": false,
	"trimmed": false,
	"spriteSourceSize": {"x":0,"y":0,"w":117,"h":72},
	"sourceSize": {"w":117,"h":72}
},
"Symbol 40 instance 10032":
{
	"frame": {"x":468,"y":144,"w":117,"h":72},
	"rotated": false,
	"trimmed": false,
	"spriteSourceSize": {"x":0,"y":0,"w":117,"h":72},
	"sourceSize": {"w":117,"h":72}
},
"Symbol 40 instance 10033":
{
	"frame": {"x":585,"y":144,"w":117,"h":72},
	"rotated": false,
	"trimmed": false,
	"spriteSourceSize": {"x":0,"y":0,"w":117,"h":72},
	"sourceSize": {"w":117,"h":72}
},
"Symbol 40 instance 10034":
{
	"frame": {"x":702,"y":144,"w":117,"h":72},
	"rotated": false,
	"trimmed": false,
	"spriteSourceSize": {"x":0,"y":0,"w":117,"h":72},
	"sourceSize": {"w":117,"h":72}
},
"Symbol 40 instance 10035":
{
	"frame": {"x":819,"y":144,"w":117,"h":72},
	"rotated": false,
	"trimmed": false,
	"spriteSourceSize": {"x":0,"y":0,"w":117,"h":72},
	"sourceSize": {"w":117,"h":72}
},
"Symbol 40 instance 10036":
{
	"frame": {"x":936,"y":144,"w":117,"h":72},
	"rotated": false,
	"trimmed": false,
	"spriteSourceSize": {"x":0,"y":0,"w":117,"h":72},
	"sourceSize": {"w":117,"h":72}
},
"Symbol 40 instance 10037":
{
	"frame": {"x":1053,"y":144,"w":117,"h":72},
	"rotated": false,
	"trimmed": false,
	"spriteSourceSize": {"x":0,"y":0,"w":117,"h":72},
	"sourceSize": {"w":117,"h":72}
},
"Symbol 40 instance 10038":
{
	"frame": {"x":1170,"y":144,"w":117,"h":72},
	"rotated": false,
	"trimmed": false,
	"spriteSourceSize": {"x":0,"y":0,"w":117,"h":72},
	"sourceSize": {"w":117,"h":72}
},
"Symbol 40 instance 10039":
{
	"frame": {"x":1287,"y":144,"w":117,"h":72},
	"rotated": false,
	"trimmed": false,
	"spriteSourceSize": {"x":0,"y":0,"w":117,"h":72},
	"sourceSize": {"w":117,"h":72}
},
"Symbol 40 instance 10040":
{
	"frame": {"x":1404,"y":144,"w":117,"h":72},
	"rotated": false,
	"trimmed": false,
	"spriteSourceSize": {"x":0,"y":0,"w":117,"h":72},
	"sourceSize": {"w":117,"h":72}
},
"Symbol 40 instance 10041":
{
	"frame": {"x":1521,"y":144,"w":117,"h":72},
	"rotated": false,
	"trimmed": false,
	"spriteSourceSize": {"x":0,"y":0,"w":117,"h":72},
	"sourceSize": {"w":117,"h":72}
},
"Symbol 40 instance 10042":
{
	"frame": {"x":0,"y":216,"w":117,"h":72},
	"rotated": false,
	"trimmed": false,
	"spriteSourceSize": {"x":0,"y":0,"w":117,"h":72},
	"sourceSize": {"w":117,"h":72}
},
"Symbol 40 instance 10043":
{
	"frame": {"x":117,"y":216,"w":117,"h":72},
	"rotated": false,
	"trimmed": false,
	"spriteSourceSize": {"x":0,"y":0,"w":117,"h":72},
	"sourceSize": {"w":117,"h":72}
},
"Symbol 40 instance 10044":
{
	"frame": {"x":234,"y":216,"w":117,"h":72},
	"rotated": false,
	"trimmed": false,
	"spriteSourceSize": {"x":0,"y":0,"w":117,"h":72},
	"sourceSize": {"w":117,"h":72}
},
"Symbol 40 instance 10045":
{
	"frame": {"x":351,"y":216,"w":117,"h":72},
	"rotated": false,
	"trimmed": false,
	"spriteSourceSize": {"x":0,"y":0,"w":117,"h":72},
	"sourceSize": {"w":117,"h":72}
},
"Symbol 40 instance 10046":
{
	"frame": {"x":468,"y":216,"w":117,"h":72},
	"rotated": false,
	"trimmed": false,
	"spriteSourceSize": {"x":0,"y":0,"w":117,"h":72},
	"sourceSize": {"w":117,"h":72}
},
"Symbol 40 instance 10047":
{
	"frame": {"x":585,"y":216,"w":117,"h":72},
	"rotated": false,
	"trimmed": false,
	"spriteSourceSize": {"x":0,"y":0,"w":117,"h":72},
	"sourceSize": {"w":117,"h":72}
},
"Symbol 40 instance 10048":
{
	"frame": {"x":702,"y":216,"w":117,"h":72},
	"rotated": false,
	"trimmed": false,
	"spriteSourceSize": {"x":0,"y":0,"w":117,"h":72},
	"sourceSize": {"w":117,"h":72}
},
"Symbol 40 instance 10049":
{
	"frame": {"x":819,"y":216,"w":117,"h":72},
	"rotated": false,
	"trimmed": false,
	"spriteSourceSize": {"x":0,"y":0,"w":117,"h":72},
	"sourceSize": {"w":117,"h":72}
},
"Symbol 40 instance 10050":
{
	"frame": {"x":936,"y":216,"w":117,"h":72},
	"rotated": false,
	"trimmed": false,
	"spriteSourceSize": {"x":0,"y":0,"w":117,"h":72},
	"sourceSize": {"w":117,"h":72}
},
"Symbol 40 instance 10051":
{
	"frame": {"x":1053,"y":216,"w":117,"h":72},
	"rotated": false,
	"trimmed": false,
	"spriteSourceSize": {"x":0,"y":0,"w":117,"h":72},
	"sourceSize": {"w":117,"h":72}
},
"Symbol 40 instance 10052":
{
	"frame": {"x":1170,"y":216,"w":117,"h":72},
	"rotated": false,
	"trimmed": false,
	"spriteSourceSize": {"x":0,"y":0,"w":117,"h":72},
	"sourceSize": {"w":117,"h":72}
},
"Symbol 40 instance 10053":
{
	"frame": {"x":1287,"y":216,"w":117,"h":72},
	"rotated": false,
	"trimmed": false,
	"spriteSourceSize": {"x":0,"y":0,"w":117,"h":72},
	"sourceSize": {"w":117,"h":72}
},
"Symbol 40 instance 10054":
{
	"frame": {"x":1404,"y":216,"w":117,"h":72},
	"rotated": false,
	"trimmed": false,
	"spriteSourceSize": {"x":0,"y":0,"w":117,"h":72},
	"sourceSize": {"w":117,"h":72}
},
"Symbol 40 instance 10055":
{
	"frame": {"x":1521,"y":216,"w":117,"h":72},
	"rotated": false,
	"trimmed": false,
	"spriteSourceSize": {"x":0,"y":0,"w":117,"h":72},
	"sourceSize": {"w":117,"h":72}
},
"Symbol 40 instance 10056":
{
	"frame": {"x":0,"y":288,"w":117,"h":72},
	"rotated": false,
	"trimmed": false,
	"spriteSourceSize": {"x":0,"y":0,"w":117,"h":72},
	"sourceSize": {"w":117,"h":72}
},
"Symbol 40 instance 10057":
{
	"frame": {"x":117,"y":288,"w":117,"h":72},
	"rotated": false,
	"trimmed": false,
	"spriteSourceSize": {"x":0,"y":0,"w":117,"h":72},
	"sourceSize": {"w":117,"h":72}
},
"Symbol 40 instance 10058":
{
	"frame": {"x":234,"y":288,"w":117,"h":72},
	"rotated": false,
	"trimmed": false,
	"spriteSourceSize": {"x":0,"y":0,"w":117,"h":72},
	"sourceSize": {"w":117,"h":72}
},
"Symbol 40 instance 10059":
{
	"frame": {"x":351,"y":288,"w":117,"h":72},
	"rotated": false,
	"trimmed": false,
	"spriteSourceSize": {"x":0,"y":0,"w":117,"h":72},
	"sourceSize": {"w":117,"h":72}
},
"Symbol 40 instance 10060":
{
	"frame": {"x":468,"y":288,"w":117,"h":72},
	"rotated": false,
	"trimmed": false,
	"spriteSourceSize": {"x":0,"y":0,"w":117,"h":72},
	"sourceSize": {"w":117,"h":72}
},
"Symbol 40 instance 10061":
{
	"frame": {"x":585,"y":288,"w":117,"h":72},
	"rotated": false,
	"trimmed": false,
	"spriteSourceSize": {"x":0,"y":0,"w":117,"h":72},
	"sourceSize": {"w":117,"h":72}
},
"Symbol 40 instance 10062":
{
	"frame": {"x":702,"y":288,"w":117,"h":72},
	"rotated": false,
	"trimmed": false,
	"spriteSourceSize": {"x":0,"y":0,"w":117,"h":72},
	"sourceSize": {"w":117,"h":72}
},
"Symbol 40 instance 10063":
{
	"frame": {"x":819,"y":288,"w":117,"h":72},
	"rotated": false,
	"trimmed": false,
	"spriteSourceSize": {"x":0,"y":0,"w":117,"h":72},
	"sourceSize": {"w":117,"h":72}
},
"Symbol 40 instance 10064":
{
	"frame": {"x":936,"y":288,"w":117,"h":72},
	"rotated": false,
	"trimmed": false,
	"spriteSourceSize": {"x":0,"y":0,"w":117,"h":72},
	"sourceSize": {"w":117,"h":72}
},
"Symbol 40 instance 10065":
{
	"frame": {"x":1053,"y":288,"w":117,"h":72},
	"rotated": false,
	"trimmed": false,
	"spriteSourceSize": {"x":0,"y":0,"w":117,"h":72},
	"sourceSize": {"w":117,"h":72}
},
"Symbol 40 instance 10066":
{
	"frame": {"x":1170,"y":288,"w":117,"h":72},
	"rotated": false,
	"trimmed": false,
	"spriteSourceSize": {"x":0,"y":0,"w":117,"h":72},
	"sourceSize": {"w":117,"h":72}
},
"Symbol 40 instance 10067":
{
	"frame": {"x":1287,"y":288,"w":117,"h":72},
	"rotated": false,
	"trimmed": false,
	"spriteSourceSize": {"x":0,"y":0,"w":117,"h":72},
	"sourceSize": {"w":117,"h":72}
},
"Symbol 40 instance 10068":
{
	"frame": {"x":1404,"y":288,"w":117,"h":72},
	"rotated": false,
	"trimmed": false,
	"spriteSourceSize": {"x":0,"y":0,"w":117,"h":72},
	"sourceSize": {"w":117,"h":72}
},
"Symbol 40 instance 10069":
{
	"frame": {"x":1521,"y":288,"w":117,"h":72},
	"rotated": false,
	"trimmed": false,
	"spriteSourceSize": {"x":0,"y":0,"w":117,"h":72},
	"sourceSize": {"w":117,"h":72}
},
"Symbol 40 instance 10070":
{
	"frame": {"x":0,"y":360,"w":117,"h":72},
	"rotated": false,
	"trimmed": false,
	"spriteSourceSize": {"x":0,"y":0,"w":117,"h":72},
	"sourceSize": {"w":117,"h":72}
},
"Symbol 40 instance 10071":
{
	"frame": {"x":117,"y":360,"w":117,"h":72},
	"rotated": false,
	"trimmed": false,
	"spriteSourceSize": {"x":0,"y":0,"w":117,"h":72},
	"sourceSize": {"w":117,"h":72}
},
"Symbol 40 instance 10072":
{
	"frame": {"x":234,"y":360,"w":117,"h":72},
	"rotated": false,
	"trimmed": false,
	"spriteSourceSize": {"x":0,"y":0,"w":117,"h":72},
	"sourceSize": {"w":117,"h":72}
},
"Symbol 40 instance 10073":
{
	"frame": {"x":351,"y":360,"w":117,"h":72},
	"rotated": false,
	"trimmed": false,
	"spriteSourceSize": {"x":0,"y":0,"w":117,"h":72},
	"sourceSize": {"w":117,"h":72}
},
"Symbol 40 instance 10074":
{
	"frame": {"x":468,"y":360,"w":117,"h":72},
	"rotated": false,
	"trimmed": false,
	"spriteSourceSize": {"x":0,"y":0,"w":117,"h":72},
	"sourceSize": {"w":117,"h":72}
},
"Symbol 40 instance 10075":
{
	"frame": {"x":585,"y":360,"w":117,"h":72},
	"rotated": false,
	"trimmed": false,
	"spriteSourceSize": {"x":0,"y":0,"w":117,"h":72},
	"sourceSize": {"w":117,"h":72}
},
"Symbol 40 instance 10076":
{
	"frame": {"x":702,"y":360,"w":117,"h":72},
	"rotated": false,
	"trimmed": false,
	"spriteSourceSize": {"x":0,"y":0,"w":117,"h":72},
	"sourceSize": {"w":117,"h":72}
},
"Symbol 40 instance 10077":
{
	"frame": {"x":819,"y":360,"w":117,"h":72},
	"rotated": false,
	"trimmed": false,
	"spriteSourceSize": {"x":0,"y":0,"w":117,"h":72},
	"sourceSize": {"w":117,"h":72}
},
"Symbol 40 instance 10078":
{
	"frame": {"x":936,"y":360,"w":117,"h":72},
	"rotated": false,
	"trimmed": false,
	"spriteSourceSize": {"x":0,"y":0,"w":117,"h":72},
	"sourceSize": {"w":117,"h":72}
},
"Symbol 40 instance 10079":
{
	"frame": {"x":1053,"y":360,"w":117,"h":72},
	"rotated": false,
	"trimmed": false,
	"spriteSourceSize": {"x":0,"y":0,"w":117,"h":72},
	"sourceSize": {"w":117,"h":72}
},
"Symbol 40 instance 10080":
{
	"frame": {"x":1170,"y":360,"w":117,"h":72},
	"rotated": false,
	"trimmed": false,
	"spriteSourceSize": {"x":0,"y":0,"w":117,"h":72},
	"sourceSize": {"w":117,"h":72}
},
"Symbol 40 instance 10081":
{
	"frame": {"x":1287,"y":360,"w":117,"h":72},
	"rotated": false,
	"trimmed": false,
	"spriteSourceSize": {"x":0,"y":0,"w":117,"h":72},
	"sourceSize": {"w":117,"h":72}
},
"Symbol 40 instance 10082":
{
	"frame": {"x":1404,"y":360,"w":117,"h":72},
	"rotated": false,
	"trimmed": false,
	"spriteSourceSize": {"x":0,"y":0,"w":117,"h":72},
	"sourceSize": {"w":117,"h":72}
},
"Symbol 40 instance 10083":
{
	"frame": {"x":1521,"y":360,"w":117,"h":72},
	"rotated": false,
	"trimmed": false,
	"spriteSourceSize": {"x":0,"y":0,"w":117,"h":72},
	"sourceSize": {"w":117,"h":72}
},
"Symbol 40 instance 10084":
{
	"frame": {"x":0,"y":432,"w":117,"h":72},
	"rotated": false,
	"trimmed": false,
	"spriteSourceSize": {"x":0,"y":0,"w":117,"h":72},
	"sourceSize": {"w":117,"h":72}
},
"Symbol 40 instance 10085":
{
	"frame": {"x":117,"y":432,"w":117,"h":72},
	"rotated": false,
	"trimmed": false,
	"spriteSourceSize": {"x":0,"y":0,"w":117,"h":72},
	"sourceSize": {"w":117,"h":72}
},
"Symbol 40 instance 10086":
{
	"frame": {"x":234,"y":432,"w":117,"h":72},
	"rotated": false,
	"trimmed": false,
	"spriteSourceSize": {"x":0,"y":0,"w":117,"h":72},
	"sourceSize": {"w":117,"h":72}
},
"Symbol 40 instance 10087":
{
	"frame": {"x":351,"y":432,"w":117,"h":72},
	"rotated": false,
	"trimmed": false,
	"spriteSourceSize": {"x":0,"y":0,"w":117,"h":72},
	"sourceSize": {"w":117,"h":72}
},
"Symbol 40 instance 10088":
{
	"frame": {"x":468,"y":432,"w":117,"h":72},
	"rotated": false,
	"trimmed": false,
	"spriteSourceSize": {"x":0,"y":0,"w":117,"h":72},
	"sourceSize": {"w":117,"h":72}
},
"Symbol 40 instance 10089":
{
	"frame": {"x":585,"y":432,"w":117,"h":72},
	"rotated": false,
	"trimmed": false,
	"spriteSourceSize": {"x":0,"y":0,"w":117,"h":72},
	"sourceSize": {"w":117,"h":72}
},
"Symbol 40 instance 10090":
{
	"frame": {"x":702,"y":432,"w":117,"h":72},
	"rotated": false,
	"trimmed": false,
	"spriteSourceSize": {"x":0,"y":0,"w":117,"h":72},
	"sourceSize": {"w":117,"h":72}
},
"Symbol 40 instance 10091":
{
	"frame": {"x":819,"y":432,"w":117,"h":72},
	"rotated": false,
	"trimmed": false,
	"spriteSourceSize": {"x":0,"y":0,"w":117,"h":72},
	"sourceSize": {"w":117,"h":72}
},
"Symbol 40 instance 10092":
{
	"frame": {"x":936,"y":432,"w":117,"h":72},
	"rotated": false,
	"trimmed": false,
	"spriteSourceSize": {"x":0,"y":0,"w":117,"h":72},
	"sourceSize": {"w":117,"h":72}
},
"Symbol 40 instance 10093":
{
	"frame": {"x":1053,"y":432,"w":117,"h":72},
	"rotated": false,
	"trimmed": false,
	"spriteSourceSize": {"x":0,"y":0,"w":117,"h":72},
	"sourceSize": {"w":117,"h":72}
},
"Symbol 40 instance 10094":
{
	"frame": {"x":1170,"y":432,"w":117,"h":72},
	"rotated": false,
	"trimmed": false,
	"spriteSourceSize": {"x":0,"y":0,"w":117,"h":72},
	"sourceSize": {"w":117,"h":72}
},
"Symbol 40 instance 10095":
{
	"frame": {"x":1287,"y":432,"w":117,"h":72},
	"rotated": false,
	"trimmed": false,
	"spriteSourceSize": {"x":0,"y":0,"w":117,"h":72},
	"sourceSize": {"w":117,"h":72}
},
"Symbol 40 instance 10096":
{
	"frame": {"x":1404,"y":432,"w":117,"h":72},
	"rotated": false,
	"trimmed": false,
	"spriteSourceSize": {"x":0,"y":0,"w":117,"h":72},
	"sourceSize": {"w":117,"h":72}
},
"Symbol 40 instance 10097":
{
	"frame": {"x":1521,"y":432,"w":117,"h":72},
	"rotated": false,
	"trimmed": false,
	"spriteSourceSize": {"x":0,"y":0,"w":117,"h":72},
	"sourceSize": {"w":117,"h":72}
},
"Symbol 40 instance 10098":
{
	"frame": {"x":0,"y":504,"w":117,"h":72},
	"rotated": false,
	"trimmed": false,
	"spriteSourceSize": {"x":0,"y":0,"w":117,"h":72},
	"sourceSize": {"w":117,"h":72}
},
"Symbol 40 instance 10099":
{
	"frame": {"x":117,"y":504,"w":117,"h":72},
	"rotated": false,
	"trimmed": false,
	"spriteSourceSize": {"x":0,"y":0,"w":117,"h":72},
	"sourceSize": {"w":117,"h":72}
},
"Symbol 40 instance 10100":
{
	"frame": {"x":234,"y":504,"w":117,"h":72},
	"rotated": false,
	"trimmed": false,
	"spriteSourceSize": {"x":0,"y":0,"w":117,"h":72},
	"sourceSize": {"w":117,"h":72}
},
"Symbol 40 instance 10101":
{
	"frame": {"x":351,"y":504,"w":117,"h":72},
	"rotated": false,
	"trimmed": false,
	"spriteSourceSize": {"x":0,"y":0,"w":117,"h":72},
	"sourceSize": {"w":117,"h":72}
},
"Symbol 40 instance 10102":
{
	"frame": {"x":468,"y":504,"w":117,"h":72},
	"rotated": false,
	"trimmed": false,
	"spriteSourceSize": {"x":0,"y":0,"w":117,"h":72},
	"sourceSize": {"w":117,"h":72}
},
"Symbol 40 instance 10103":
{
	"frame": {"x":585,"y":504,"w":117,"h":72},
	"rotated": false,
	"trimmed": false,
	"spriteSourceSize": {"x":0,"y":0,"w":117,"h":72},
	"sourceSize": {"w":117,"h":72}
},
"Symbol 40 instance 10104":
{
	"frame": {"x":702,"y":504,"w":117,"h":72},
	"rotated": false,
	"trimmed": false,
	"spriteSourceSize": {"x":0,"y":0,"w":117,"h":72},
	"sourceSize": {"w":117,"h":72}
},
"Symbol 40 instance 10105":
{
	"frame": {"x":819,"y":504,"w":117,"h":72},
	"rotated": false,
	"trimmed": false,
	"spriteSourceSize": {"x":0,"y":0,"w":117,"h":72},
	"sourceSize": {"w":117,"h":72}
},
"Symbol 40 instance 10106":
{
	"frame": {"x":936,"y":504,"w":117,"h":72},
	"rotated": false,
	"trimmed": false,
	"spriteSourceSize": {"x":0,"y":0,"w":117,"h":72},
	"sourceSize": {"w":117,"h":72}
},
"Symbol 40 instance 10107":
{
	"frame": {"x":1053,"y":504,"w":117,"h":72},
	"rotated": false,
	"trimmed": false,
	"spriteSourceSize": {"x":0,"y":0,"w":117,"h":72},
	"sourceSize": {"w":117,"h":72}
},
"Symbol 40 instance 10108":
{
	"frame": {"x":1170,"y":504,"w":117,"h":72},
	"rotated": false,
	"trimmed": false,
	"spriteSourceSize": {"x":0,"y":0,"w":117,"h":72},
	"sourceSize": {"w":117,"h":72}
},
"Symbol 40 instance 10109":
{
	"frame": {"x":1287,"y":504,"w":117,"h":72},
	"rotated": false,
	"trimmed": false,
	"spriteSourceSize": {"x":0,"y":0,"w":117,"h":72},
	"sourceSize": {"w":117,"h":72}
},
"Symbol 40 instance 10110":
{
	"frame": {"x":1404,"y":504,"w":117,"h":72},
	"rotated": false,
	"trimmed": false,
	"spriteSourceSize": {"x":0,"y":0,"w":117,"h":72},
	"sourceSize": {"w":117,"h":72}
},
"Symbol 40 instance 10111":
{
	"frame": {"x":1521,"y":504,"w":117,"h":72},
	"rotated": false,
	"trimmed": false,
	"spriteSourceSize": {"x":0,"y":0,"w":117,"h":72},
	"sourceSize": {"w":117,"h":72}
},
"Symbol 40 instance 10112":
{
	"frame": {"x":0,"y":576,"w":117,"h":72},
	"rotated": false,
	"trimmed": false,
	"spriteSourceSize": {"x":0,"y":0,"w":117,"h":72},
	"sourceSize": {"w":117,"h":72}
},
"Symbol 40 instance 10113":
{
	"frame": {"x":117,"y":576,"w":117,"h":72},
	"rotated": false,
	"trimmed": false,
	"spriteSourceSize": {"x":0,"y":0,"w":117,"h":72},
	"sourceSize": {"w":117,"h":72}
},
"Symbol 40 instance 10114":
{
	"frame": {"x":234,"y":576,"w":117,"h":72},
	"rotated": false,
	"trimmed": false,
	"spriteSourceSize": {"x":0,"y":0,"w":117,"h":72},
	"sourceSize": {"w":117,"h":72}
},
"Symbol 40 instance 10115":
{
	"frame": {"x":351,"y":576,"w":117,"h":72},
	"rotated": false,
	"trimmed": false,
	"spriteSourceSize": {"x":0,"y":0,"w":117,"h":72},
	"sourceSize": {"w":117,"h":72}
},
"Symbol 40 instance 10116":
{
	"frame": {"x":468,"y":576,"w":117,"h":72},
	"rotated": false,
	"trimmed": false,
	"spriteSourceSize": {"x":0,"y":0,"w":117,"h":72},
	"sourceSize": {"w":117,"h":72}
},
"Symbol 40 instance 10117":
{
	"frame": {"x":585,"y":576,"w":117,"h":72},
	"rotated": false,
	"trimmed": false,
	"spriteSourceSize": {"x":0,"y":0,"w":117,"h":72},
	"sourceSize": {"w":117,"h":72}
},
"Symbol 40 instance 10118":
{
	"frame": {"x":702,"y":576,"w":117,"h":72},
	"rotated": false,
	"trimmed": false,
	"spriteSourceSize": {"x":0,"y":0,"w":117,"h":72},
	"sourceSize": {"w":117,"h":72}
},
"Symbol 40 instance 10119":
{
	"frame": {"x":819,"y":576,"w":117,"h":72},
	"rotated": false,
	"trimmed": false,
	"spriteSourceSize": {"x":0,"y":0,"w":117,"h":72},
	"sourceSize": {"w":117,"h":72}
},
"Symbol 40 instance 10120":
{
	"frame": {"x":936,"y":576,"w":117,"h":72},
	"rotated": false,
	"trimmed": false,
	"spriteSourceSize": {"x":0,"y":0,"w":117,"h":72},
	"sourceSize": {"w":117,"h":72}
},
"Symbol 40 instance 10121":
{
	"frame": {"x":1053,"y":576,"w":117,"h":72},
	"rotated": false,
	"trimmed": false,
	"spriteSourceSize": {"x":0,"y":0,"w":117,"h":72},
	"sourceSize": {"w":117,"h":72}
},
"Symbol 40 instance 10122":
{
	"frame": {"x":1170,"y":576,"w":117,"h":72},
	"rotated": false,
	"trimmed": false,
	"spriteSourceSize": {"x":0,"y":0,"w":117,"h":72},
	"sourceSize": {"w":117,"h":72}
},
"Symbol 40 instance 10123":
{
	"frame": {"x":1287,"y":576,"w":117,"h":72},
	"rotated": false,
	"trimmed": false,
	"spriteSourceSize": {"x":0,"y":0,"w":117,"h":72},
	"sourceSize": {"w":117,"h":72}
},
"Symbol 40 instance 10124":
{
	"frame": {"x":1404,"y":576,"w":117,"h":72},
	"rotated": false,
	"trimmed": false,
	"spriteSourceSize": {"x":0,"y":0,"w":117,"h":72},
	"sourceSize": {"w":117,"h":72}
},
"Symbol 40 instance 10125":
{
	"frame": {"x":1521,"y":576,"w":117,"h":72},
	"rotated": false,
	"trimmed": false,
	"spriteSourceSize": {"x":0,"y":0,"w":117,"h":72},
	"sourceSize": {"w":117,"h":72}
},
"Symbol 40 instance 10126":
{
	"frame": {"x":0,"y":648,"w":117,"h":72},
	"rotated": false,
	"trimmed": false,
	"spriteSourceSize": {"x":0,"y":0,"w":117,"h":72},
	"sourceSize": {"w":117,"h":72}
},
"Symbol 40 instance 10127":
{
	"frame": {"x":117,"y":648,"w":117,"h":72},
	"rotated": false,
	"trimmed": false,
	"spriteSourceSize": {"x":0,"y":0,"w":117,"h":72},
	"sourceSize": {"w":117,"h":72}
},
"Symbol 40 instance 10128":
{
	"frame": {"x":234,"y":648,"w":117,"h":72},
	"rotated": false,
	"trimmed": false,
	"spriteSourceSize": {"x":0,"y":0,"w":117,"h":72},
	"sourceSize": {"w":117,"h":72}
},
"Symbol 40 instance 10129":
{
	"frame": {"x":351,"y":648,"w":117,"h":72},
	"rotated": false,
	"trimmed": false,
	"spriteSourceSize": {"x":0,"y":0,"w":117,"h":72},
	"sourceSize": {"w":117,"h":72}
},
"Symbol 40 instance 10130":
{
	"frame": {"x":468,"y":648,"w":117,"h":72},
	"rotated": false,
	"trimmed": false,
	"spriteSourceSize": {"x":0,"y":0,"w":117,"h":72},
	"sourceSize": {"w":117,"h":72}
},
"Symbol 40 instance 10131":
{
	"frame": {"x":585,"y":648,"w":117,"h":72},
	"rotated": false,
	"trimmed": false,
	"spriteSourceSize": {"x":0,"y":0,"w":117,"h":72},
	"sourceSize": {"w":117,"h":72}
},
"Symbol 40 instance 10132":
{
	"frame": {"x":702,"y":648,"w":117,"h":72},
	"rotated": false,
	"trimmed": false,
	"spriteSourceSize": {"x":0,"y":0,"w":117,"h":72},
	"sourceSize": {"w":117,"h":72}
},
"Symbol 40 instance 10133":
{
	"frame": {"x":819,"y":648,"w":117,"h":72},
	"rotated": false,
	"trimmed": false,
	"spriteSourceSize": {"x":0,"y":0,"w":117,"h":72},
	"sourceSize": {"w":117,"h":72}
},
"Symbol 40 instance 10134":
{
	"frame": {"x":936,"y":648,"w":117,"h":72},
	"rotated": false,
	"trimmed": false,
	"spriteSourceSize": {"x":0,"y":0,"w":117,"h":72},
	"sourceSize": {"w":117,"h":72}
},
"Symbol 40 instance 10135":
{
	"frame": {"x":1053,"y":648,"w":117,"h":72},
	"rotated": false,
	"trimmed": false,
	"spriteSourceSize": {"x":0,"y":0,"w":117,"h":72},
	"sourceSize": {"w":117,"h":72}
},
"Symbol 40 instance 10136":
{
	"frame": {"x":1170,"y":648,"w":117,"h":72},
	"rotated": false,
	"trimmed": false,
	"spriteSourceSize": {"x":0,"y":0,"w":117,"h":72},
	"sourceSize": {"w":117,"h":72}
},
"Symbol 40 instance 10137":
{
	"frame": {"x":1287,"y":648,"w":117,"h":72},
	"rotated": false,
	"trimmed": false,
	"spriteSourceSize": {"x":0,"y":0,"w":117,"h":72},
	"sourceSize": {"w":117,"h":72}
},
"Symbol 40 instance 10138":
{
	"frame": {"x":1404,"y":648,"w":117,"h":72},
	"rotated": false,
	"trimmed": false,
	"spriteSourceSize": {"x":0,"y":0,"w":117,"h":72},
	"sourceSize": {"w":117,"h":72}
},
"Symbol 40 instance 10139":
{
	"frame": {"x":1521,"y":648,"w":117,"h":72},
	"rotated": false,
	"trimmed": false,
	"spriteSourceSize": {"x":0,"y":0,"w":117,"h":72},
	"sourceSize": {"w":117,"h":72}
},
"Symbol 40 instance 10140":
{
	"frame": {"x":0,"y":720,"w":117,"h":72},
	"rotated": false,
	"trimmed": false,
	"spriteSourceSize": {"x":0,"y":0,"w":117,"h":72},
	"sourceSize": {"w":117,"h":72}
},
"Symbol 40 instance 10141":
{
	"frame": {"x":117,"y":720,"w":117,"h":72},
	"rotated": false,
	"trimmed": false,
	"spriteSourceSize": {"x":0,"y":0,"w":117,"h":72},
	"sourceSize": {"w":117,"h":72}
},
"Symbol 40 instance 10142":
{
	"frame": {"x":234,"y":720,"w":117,"h":72},
	"rotated": false,
	"trimmed": false,
	"spriteSourceSize": {"x":0,"y":0,"w":117,"h":72},
	"sourceSize": {"w":117,"h":72}
},
"Symbol 40 instance 10143":
{
	"frame": {"x":351,"y":720,"w":117,"h":72},
	"rotated": false,
	"trimmed": false,
	"spriteSourceSize": {"x":0,"y":0,"w":117,"h":72},
	"sourceSize": {"w":117,"h":72}
},
"Symbol 40 instance 10144":
{
	"frame": {"x":468,"y":720,"w":117,"h":72},
	"rotated": false,
	"trimmed": false,
	"spriteSourceSize": {"x":0,"y":0,"w":117,"h":72},
	"sourceSize": {"w":117,"h":72}
},
"Symbol 40 instance 10145":
{
	"frame": {"x":585,"y":720,"w":117,"h":72},
	"rotated": false,
	"trimmed": false,
	"spriteSourceSize": {"x":0,"y":0,"w":117,"h":72},
	"sourceSize": {"w":117,"h":72}
},
"Symbol 40 instance 10146":
{
	"frame": {"x":702,"y":720,"w":117,"h":72},
	"rotated": false,
	"trimmed": false,
	"spriteSourceSize": {"x":0,"y":0,"w":117,"h":72},
	"sourceSize": {"w":117,"h":72}
},
"Symbol 40 instance 10147":
{
	"frame": {"x":819,"y":720,"w":117,"h":72},
	"rotated": false,
	"trimmed": false,
	"spriteSourceSize": {"x":0,"y":0,"w":117,"h":72},
	"sourceSize": {"w":117,"h":72}
},
"Symbol 40 instance 10148":
{
	"frame": {"x":936,"y":720,"w":117,"h":72},
	"rotated": false,
	"trimmed": false,
	"spriteSourceSize": {"x":0,"y":0,"w":117,"h":72},
	"sourceSize": {"w":117,"h":72}
},
"Symbol 40 instance 10149":
{
	"frame": {"x":1053,"y":720,"w":117,"h":72},
	"rotated": false,
	"trimmed": false,
	"spriteSourceSize": {"x":0,"y":0,"w":117,"h":72},
	"sourceSize": {"w":117,"h":72}
},
"Symbol 40 instance 10150":
{
	"frame": {"x":1170,"y":720,"w":117,"h":72},
	"rotated": false,
	"trimmed": false,
	"spriteSourceSize": {"x":0,"y":0,"w":117,"h":72},
	"sourceSize": {"w":117,"h":72}
},
"Symbol 40 instance 10151":
{
	"frame": {"x":1287,"y":720,"w":117,"h":72},
	"rotated": false,
	"trimmed": false,
	"spriteSourceSize": {"x":0,"y":0,"w":117,"h":72},
	"sourceSize": {"w":117,"h":72}
},
"Symbol 40 instance 10152":
{
	"frame": {"x":1404,"y":720,"w":117,"h":72},
	"rotated": false,
	"trimmed": false,
	"spriteSourceSize": {"x":0,"y":0,"w":117,"h":72},
	"sourceSize": {"w":117,"h":72}
},
"Symbol 40 instance 10153":
{
	"frame": {"x":1521,"y":720,"w":117,"h":72},
	"rotated": false,
	"trimmed": false,
	"spriteSourceSize": {"x":0,"y":0,"w":117,"h":72},
	"sourceSize": {"w":117,"h":72}
},
"Symbol 40 instance 10154":
{
	"frame": {"x":0,"y":792,"w":117,"h":72},
	"rotated": false,
	"trimmed": false,
	"spriteSourceSize": {"x":0,"y":0,"w":117,"h":72},
	"sourceSize": {"w":117,"h":72}
},
"Symbol 40 instance 10155":
{
	"frame": {"x":117,"y":792,"w":117,"h":72},
	"rotated": false,
	"trimmed": false,
	"spriteSourceSize": {"x":0,"y":0,"w":117,"h":72},
	"sourceSize": {"w":117,"h":72}
},
"Symbol 40 instance 10156":
{
	"frame": {"x":234,"y":792,"w":117,"h":72},
	"rotated": false,
	"trimmed": false,
	"spriteSourceSize": {"x":0,"y":0,"w":117,"h":72},
	"sourceSize": {"w":117,"h":72}
},
"Symbol 40 instance 10157":
{
	"frame": {"x":351,"y":792,"w":117,"h":72},
	"rotated": false,
	"trimmed": false,
	"spriteSourceSize": {"x":0,"y":0,"w":117,"h":72},
	"sourceSize": {"w":117,"h":72}
},
"Symbol 40 instance 10158":
{
	"frame": {"x":468,"y":792,"w":117,"h":72},
	"rotated": false,
	"trimmed": false,
	"spriteSourceSize": {"x":0,"y":0,"w":117,"h":72},
	"sourceSize": {"w":117,"h":72}
},
"Symbol 40 instance 10159":
{
	"frame": {"x":585,"y":792,"w":117,"h":72},
	"rotated": false,
	"trimmed": false,
	"spriteSourceSize": {"x":0,"y":0,"w":117,"h":72},
	"sourceSize": {"w":117,"h":72}
},
"Symbol 40 instance 10160":
{
	"frame": {"x":702,"y":792,"w":117,"h":72},
	"rotated": false,
	"trimmed": false,
	"spriteSourceSize": {"x":0,"y":0,"w":117,"h":72},
	"sourceSize": {"w":117,"h":72}
},
"Symbol 40 instance 10161":
{
	"frame": {"x":819,"y":792,"w":117,"h":72},
	"rotated": false,
	"trimmed": false,
	"spriteSourceSize": {"x":0,"y":0,"w":117,"h":72},
	"sourceSize": {"w":117,"h":72}
},
"Symbol 40 instance 10162":
{
	"frame": {"x":936,"y":792,"w":117,"h":72},
	"rotated": false,
	"trimmed": false,
	"spriteSourceSize": {"x":0,"y":0,"w":117,"h":72},
	"sourceSize": {"w":117,"h":72}
},
"Symbol 40 instance 10163":
{
	"frame": {"x":1053,"y":792,"w":117,"h":72},
	"rotated": false,
	"trimmed": false,
	"spriteSourceSize": {"x":0,"y":0,"w":117,"h":72},
	"sourceSize": {"w":117,"h":72}
},
"Symbol 40 instance 10164":
{
	"frame": {"x":1170,"y":792,"w":117,"h":72},
	"rotated": false,
	"trimmed": false,
	"spriteSourceSize": {"x":0,"y":0,"w":117,"h":72},
	"sourceSize": {"w":117,"h":72}
},
"Symbol 40 instance 10165":
{
	"frame": {"x":1287,"y":792,"w":117,"h":72},
	"rotated": false,
	"trimmed": false,
	"spriteSourceSize": {"x":0,"y":0,"w":117,"h":72},
	"sourceSize": {"w":117,"h":72}
},
"Symbol 40 instance 10166":
{
	"frame": {"x":1404,"y":792,"w":117,"h":72},
	"rotated": false,
	"trimmed": false,
	"spriteSourceSize": {"x":0,"y":0,"w":117,"h":72},
	"sourceSize": {"w":117,"h":72}
},
"Symbol 40 instance 10167":
{
	"frame": {"x":1521,"y":792,"w":117,"h":72},
	"rotated": false,
	"trimmed": false,
	"spriteSourceSize": {"x":0,"y":0,"w":117,"h":72},
	"sourceSize": {"w":117,"h":72}
},
"Symbol 40 instance 10168":
{
	"frame": {"x":0,"y":864,"w":117,"h":72},
	"rotated": false,
	"trimmed": false,
	"spriteSourceSize": {"x":0,"y":0,"w":117,"h":72},
	"sourceSize": {"w":117,"h":72}
},
"Symbol 40 instance 10169":
{
	"frame": {"x":117,"y":864,"w":117,"h":72},
	"rotated": false,
	"trimmed": false,
	"spriteSourceSize": {"x":0,"y":0,"w":117,"h":72},
	"sourceSize": {"w":117,"h":72}
},
"Symbol 40 instance 10170":
{
	"frame": {"x":234,"y":864,"w":117,"h":72},
	"rotated": false,
	"trimmed": false,
	"spriteSourceSize": {"x":0,"y":0,"w":117,"h":72},
	"sourceSize": {"w":117,"h":72}
},
"Symbol 40 instance 10171":
{
	"frame": {"x":351,"y":864,"w":117,"h":72},
	"rotated": false,
	"trimmed": false,
	"spriteSourceSize": {"x":0,"y":0,"w":117,"h":72},
	"sourceSize": {"w":117,"h":72}
},
"Symbol 40 instance 10172":
{
	"frame": {"x":468,"y":864,"w":117,"h":72},
	"rotated": false,
	"trimmed": false,
	"spriteSourceSize": {"x":0,"y":0,"w":117,"h":72},
	"sourceSize": {"w":117,"h":72}
},
"Symbol 40 instance 10173":
{
	"frame": {"x":585,"y":864,"w":117,"h":72},
	"rotated": false,
	"trimmed": false,
	"spriteSourceSize": {"x":0,"y":0,"w":117,"h":72},
	"sourceSize": {"w":117,"h":72}
},
"Symbol 40 instance 10174":
{
	"frame": {"x":702,"y":864,"w":117,"h":72},
	"rotated": false,
	"trimmed": false,
	"spriteSourceSize": {"x":0,"y":0,"w":117,"h":72},
	"sourceSize": {"w":117,"h":72}
},
"Symbol 40 instance 10175":
{
	"frame": {"x":819,"y":864,"w":117,"h":72},
	"rotated": false,
	"trimmed": false,
	"spriteSourceSize": {"x":0,"y":0,"w":117,"h":72},
	"sourceSize": {"w":117,"h":72}
},
"Symbol 40 instance 10176":
{
	"frame": {"x":936,"y":864,"w":117,"h":72},
	"rotated": false,
	"trimmed": false,
	"spriteSourceSize": {"x":0,"y":0,"w":117,"h":72},
	"sourceSize": {"w":117,"h":72}
},
"Symbol 40 instance 10177":
{
	"frame": {"x":1053,"y":864,"w":117,"h":72},
	"rotated": false,
	"trimmed": false,
	"spriteSourceSize": {"x":0,"y":0,"w":117,"h":72},
	"sourceSize": {"w":117,"h":72}
},
"Symbol 40 instance 10178":
{
	"frame": {"x":1170,"y":864,"w":117,"h":72},
	"rotated": false,
	"trimmed": false,
	"spriteSourceSize": {"x":0,"y":0,"w":117,"h":72},
	"sourceSize": {"w":117,"h":72}
},
"Symbol 40 instance 10179":
{
	"frame": {"x":1287,"y":864,"w":117,"h":72},
	"rotated": false,
	"trimmed": false,
	"spriteSourceSize": {"x":0,"y":0,"w":117,"h":72},
	"sourceSize": {"w":117,"h":72}
},
"Symbol 40 instance 10180":
{
	"frame": {"x":1404,"y":864,"w":117,"h":72},
	"rotated": false,
	"trimmed": false,
	"spriteSourceSize": {"x":0,"y":0,"w":117,"h":72},
	"sourceSize": {"w":117,"h":72}
},
"Symbol 40 instance 10181":
{
	"frame": {"x":1521,"y":864,"w":117,"h":72},
	"rotated": false,
	"trimmed": false,
	"spriteSourceSize": {"x":0,"y":0,"w":117,"h":72},
	"sourceSize": {"w":117,"h":72}
},
"Symbol 40 instance 10182":
{
	"frame": {"x":0,"y":936,"w":117,"h":72},
	"rotated": false,
	"trimmed": false,
	"spriteSourceSize": {"x":0,"y":0,"w":117,"h":72},
	"sourceSize": {"w":117,"h":72}
},
"Symbol 40 instance 10183":
{
	"frame": {"x":117,"y":936,"w":117,"h":72},
	"rotated": false,
	"trimmed": false,
	"spriteSourceSize": {"x":0,"y":0,"w":117,"h":72},
	"sourceSize": {"w":117,"h":72}
},
"Symbol 40 instance 10184":
{
	"frame": {"x":234,"y":936,"w":117,"h":72},
	"rotated": false,
	"trimmed": false,
	"spriteSourceSize": {"x":0,"y":0,"w":117,"h":72},
	"sourceSize": {"w":117,"h":72}
},
"Symbol 40 instance 10185":
{
	"frame": {"x":351,"y":936,"w":117,"h":72},
	"rotated": false,
	"trimmed": false,
	"spriteSourceSize": {"x":0,"y":0,"w":117,"h":72},
	"sourceSize": {"w":117,"h":72}
},
"Symbol 40 instance 10186":
{
	"frame": {"x":468,"y":936,"w":117,"h":72},
	"rotated": false,
	"trimmed": false,
	"spriteSourceSize": {"x":0,"y":0,"w":117,"h":72},
	"sourceSize": {"w":117,"h":72}
},
"Symbol 40 instance 10187":
{
	"frame": {"x":585,"y":936,"w":117,"h":72},
	"rotated": false,
	"trimmed": false,
	"spriteSourceSize": {"x":0,"y":0,"w":117,"h":72},
	"sourceSize": {"w":117,"h":72}
},
"Symbol 40 instance 10188":
{
	"frame": {"x":702,"y":936,"w":117,"h":72},
	"rotated": false,
	"trimmed": false,
	"spriteSourceSize": {"x":0,"y":0,"w":117,"h":72},
	"sourceSize": {"w":117,"h":72}
},
"Symbol 40 instance 10189":
{
	"frame": {"x":819,"y":936,"w":117,"h":72},
	"rotated": false,
	"trimmed": false,
	"spriteSourceSize": {"x":0,"y":0,"w":117,"h":72},
	"sourceSize": {"w":117,"h":72}
},
"Symbol 40 instance 10190":
{
	"frame": {"x":936,"y":936,"w":117,"h":72},
	"rotated": false,
	"trimmed": false,
	"spriteSourceSize": {"x":0,"y":0,"w":117,"h":72},
	"sourceSize": {"w":117,"h":72}
},
"Symbol 40 instance 10191":
{
	"frame": {"x":1053,"y":936,"w":117,"h":72},
	"rotated": false,
	"trimmed": false,
	"spriteSourceSize": {"x":0,"y":0,"w":117,"h":72},
	"sourceSize": {"w":117,"h":72}
},
"Symbol 40 instance 10192":
{
	"frame": {"x":1170,"y":936,"w":117,"h":72},
	"rotated": false,
	"trimmed": false,
	"spriteSourceSize": {"x":0,"y":0,"w":117,"h":72},
	"sourceSize": {"w":117,"h":72}
},
"Symbol 40 instance 10193":
{
	"frame": {"x":1287,"y":936,"w":117,"h":72},
	"rotated": false,
	"trimmed": false,
	"spriteSourceSize": {"x":0,"y":0,"w":117,"h":72},
	"sourceSize": {"w":117,"h":72}
},
"Symbol 40 instance 10194":
{
	"frame": {"x":1404,"y":936,"w":117,"h":72},
	"rotated": false,
	"trimmed": false,
	"spriteSourceSize": {"x":0,"y":0,"w":117,"h":72},
	"sourceSize": {"w":117,"h":72}
},
"Symbol 40 instance 10195":
{
	"frame": {"x":1521,"y":936,"w":117,"h":72},
	"rotated": false,
	"trimmed": false,
	"spriteSourceSize": {"x":0,"y":0,"w":117,"h":72},
	"sourceSize": {"w":117,"h":72}
},
"Symbol 40 instance 10196":
{
	"frame": {"x":0,"y":1008,"w":117,"h":72},
	"rotated": false,
	"trimmed": false,
	"spriteSourceSize": {"x":0,"y":0,"w":117,"h":72},
	"sourceSize": {"w":117,"h":72}
},
"Symbol 40 instance 10197":
{
	"frame": {"x":117,"y":1008,"w":117,"h":72},
	"rotated": false,
	"trimmed": false,
	"spriteSourceSize": {"x":0,"y":0,"w":117,"h":72},
	"sourceSize": {"w":117,"h":72}
},
"Symbol 40 instance 10198":
{
	"frame": {"x":234,"y":1008,"w":117,"h":72},
	"rotated": false,
	"trimmed": false,
	"spriteSourceSize": {"x":0,"y":0,"w":117,"h":72},
	"sourceSize": {"w":117,"h":72}
},
"Symbol 40 instance 10199":
{
	"frame": {"x":351,"y":1008,"w":117,"h":72},
	"rotated": false,
	"trimmed": false,
	"spriteSourceSize": {"x":0,"y":0,"w":117,"h":72},
	"sourceSize": {"w":117,"h":72}
},
"Symbol 40 instance 10200":
{
	"frame": {"x":468,"y":1008,"w":117,"h":72},
	"rotated": false,
	"trimmed": false,
	"spriteSourceSize": {"x":0,"y":0,"w":117,"h":72},
	"sourceSize": {"w":117,"h":72}
},
"Symbol 40 instance 10201":
{
	"frame": {"x":585,"y":1008,"w":117,"h":72},
	"rotated": false,
	"trimmed": false,
	"spriteSourceSize": {"x":0,"y":0,"w":117,"h":72},
	"sourceSize": {"w":117,"h":72}
},
"Symbol 40 instance 10202":
{
	"frame": {"x":702,"y":1008,"w":117,"h":72},
	"rotated": false,
	"trimmed": false,
	"spriteSourceSize": {"x":0,"y":0,"w":117,"h":72},
	"sourceSize": {"w":117,"h":72}
},
"Symbol 40 instance 10203":
{
	"frame": {"x":819,"y":1008,"w":117,"h":72},
	"rotated": false,
	"trimmed": false,
	"spriteSourceSize": {"x":0,"y":0,"w":117,"h":72},
	"sourceSize": {"w":117,"h":72}
},
"Symbol 40 instance 10204":
{
	"frame": {"x":936,"y":1008,"w":117,"h":72},
	"rotated": false,
	"trimmed": false,
	"spriteSourceSize": {"x":0,"y":0,"w":117,"h":72},
	"sourceSize": {"w":117,"h":72}
},
"Symbol 40 instance 10205":
{
	"frame": {"x":1053,"y":1008,"w":117,"h":72},
	"rotated": false,
	"trimmed": false,
	"spriteSourceSize": {"x":0,"y":0,"w":117,"h":72},
	"sourceSize": {"w":117,"h":72}
},
"Symbol 40 instance 10206":
{
	"frame": {"x":1170,"y":1008,"w":117,"h":72},
	"rotated": false,
	"trimmed": false,
	"spriteSourceSize": {"x":0,"y":0,"w":117,"h":72},
	"sourceSize": {"w":117,"h":72}
},
"Symbol 40 instance 10207":
{
	"frame": {"x":1287,"y":1008,"w":117,"h":72},
	"rotated": false,
	"trimmed": false,
	"spriteSourceSize": {"x":0,"y":0,"w":117,"h":72},
	"sourceSize": {"w":117,"h":72}
},
"Symbol 40 instance 10208":
{
	"frame": {"x":1404,"y":1008,"w":117,"h":72},
	"rotated": false,
	"trimmed": false,
	"spriteSourceSize": {"x":0,"y":0,"w":117,"h":72},
	"sourceSize": {"w":117,"h":72}
},
"Symbol 40 instance 10209":
{
	"frame": {"x":1521,"y":1008,"w":117,"h":72},
	"rotated": false,
	"trimmed": false,
	"spriteSourceSize": {"x":0,"y":0,"w":117,"h":72},
	"sourceSize": {"w":117,"h":72}
},
"Symbol 40 instance 10210":
{
	"frame": {"x":0,"y":1080,"w":117,"h":72},
	"rotated": false,
	"trimmed": false,
	"spriteSourceSize": {"x":0,"y":0,"w":117,"h":72},
	"sourceSize": {"w":117,"h":72}
},
"Symbol 40 instance 10211":
{
	"frame": {"x":117,"y":1080,"w":117,"h":72},
	"rotated": false,
	"trimmed": false,
	"spriteSourceSize": {"x":0,"y":0,"w":117,"h":72},
	"sourceSize": {"w":117,"h":72}
},
"Symbol 40 instance 10212":
{
	"frame": {"x":234,"y":1080,"w":117,"h":72},
	"rotated": false,
	"trimmed": false,
	"spriteSourceSize": {"x":0,"y":0,"w":117,"h":72},
	"sourceSize": {"w":117,"h":72}
},
"Symbol 40 instance 10213":
{
	"frame": {"x":351,"y":1080,"w":117,"h":72},
	"rotated": false,
	"trimmed": false,
	"spriteSourceSize": {"x":0,"y":0,"w":117,"h":72},
	"sourceSize": {"w":117,"h":72}
},
"Symbol 40 instance 10214":
{
	"frame": {"x":468,"y":1080,"w":117,"h":72},
	"rotated": false,
	"trimmed": false,
	"spriteSourceSize": {"x":0,"y":0,"w":117,"h":72},
	"sourceSize": {"w":117,"h":72}
},
"Symbol 40 instance 10215":
{
	"frame": {"x":585,"y":1080,"w":117,"h":72},
	"rotated": false,
	"trimmed": false,
	"spriteSourceSize": {"x":0,"y":0,"w":117,"h":72},
	"sourceSize": {"w":117,"h":72}
}},
"meta": {
	"app": "Adobe Animate",
	"version": "24.0.2.12",
	"image": "smile full sprite v3.png",
	"format": "RGBA8888",
	"size": {"w":1640,"h":1163},
	"scale": "1"
}
}
